{
    "class": {
        "greeting": 0.5833333333333334,
        "leaving": 0.3333333333333333,
        "concern": 0.08333333333333333
    },
    "greeting": {
        "hi": 0.3,
        "how": 0.1,
        "you": 0.2,
        "are": 0.1,
        "do": 0.1,
        "hey": 0.1,
        "dont": 0.1,
        "hie": 0.1,
        "there": 0.1,
        "bot": 0.1
    },
    "leaving": {
        "bye": 0.4,
        "exit": 0.2,
        "leav": 0.2,
        "it": 0.2,
        "ok": 0.2
    },
    "concern": {
        "how": 0.25,
        "you": 0.25,
        "are": 0.25,
        "do": 0.25
    }
}